payment_id,order_id,payment_date,amount,payment_method
1,286,2023-06-28,497.34,Cash
2,233,2022-04-04,331.62,Paypal
3,180,2021-06-18,453.82,Debit Card
4,162,2018-04-14,422.06,Paypal
5,299,2020-10-01,272.42,Cash
6,474,2019-06-12,206.35,Google Pay
7,406,2019-12-15,245.17,Apple Pay
8,129,2022-12-02,440.64,Credit Card
9,390,2018-08-05,461.43,Credit Card
10,376,2023-05-20,206.28,Debit Card
11,508,2019-02-28,251.43,Debit Card
12,600,2018-02-21,443.75,Credit Card
13,420,2018-09-07,226.49,Google Pay
14,144,2020-07-24,345.96,Apple Pay
15,134,2019-05-28,233.94,Cash
16,216,2018-12-10,429.64,Credit Card
17,489,2018-05-26,436.47,Cash
18,276,2021-05-19,517.36,Apple Pay
19,510,2021-01-25,333.48,Debit Card
20,349,2023-08-24,387.78,Credit Card
21,179,2021-06-20,474.26,Cash
22,283,2023-05-29,385.63,Cash
23,573,2020-09-05,507.67,Paypal
24,279,2022-11-05,455.49,Paypal
25,276,2018-11-06,513.45,Paypal
26,161,2018-10-01,422.23,Google Pay
27,118,2021-01-01,519.13,Credit Card
28,352,2022-10-18,268.48,Google Pay
29,273,2021-06-09,565.14,Cash
30,190,2020-12-05,379.79,Apple Pay
31,399,2021-01-13,241.27,Cash
32,333,2022-04-07,425.55,Cash
33,251,2018-12-03,536.89,Debit Card
34,211,2019-04-03,390.95,Credit Card
35,571,2019-12-07,521.79,Debit Card
36,491,2021-05-04,234.58,Debit Card
37,512,2018-01-26,369.29,Apple Pay
38,135,2018-11-29,223.45,Credit Card
39,446,2018-03-08,320.44,Apple Pay
40,194,2018-02-21,309.03,Credit Card
41,523,2022-02-27,389.01,Cash
42,571,2023-03-18,310.61,Cash
43,580,2019-11-09,282.8,Google Pay
44,445,2020-03-12,451.48,Credit Card
45,573,2020-09-10,578.18,Cash
46,344,2019-12-15,246.45,Paypal
47,285,2023-07-06,497.1,Debit Card
48,120,2021-02-26,555.14,Paypal
49,381,2020-06-28,405.53,Paypal
50,321,2023-01-25,230.78,Google Pay
51,264,2022-07-06,558.08,Cash
52,289,2022-02-01,470.66,Debit Card
53,572,2020-08-02,382.23,Apple Pay
54,350,2018-08-12,309.84,Google Pay
55,131,2023-07-21,227.96,Paypal
56,520,2021-11-25,291.35,Cash
57,545,2019-05-14,545.41,Cash
58,247,2022-08-22,456.2,Debit Card
59,466,2021-02-16,469.51,Paypal
60,260,2020-01-17,422.11,Paypal
61,330,2022-05-01,462.29,Cash
62,167,2020-03-23,215.13,Credit Card
63,583,2023-09-15,588.3,Cash
64,161,2022-01-23,596.09,Cash
65,440,2022-06-05,233.4,Cash
66,438,2023-10-21,400.84,Google Pay
67,596,2021-02-19,558.99,Paypal
68,463,2023-02-13,418.19,Credit Card
69,415,2023-04-16,446.5,Credit Card
70,593,2023-04-11,414.06,Cash
71,413,2019-05-23,342.42,Cash
72,260,2018-04-22,483.39,Apple Pay
73,585,2021-06-15,226.43,Cash
74,162,2020-07-31,243.01,Credit Card
75,485,2022-01-24,545.8,Paypal
76,177,2023-03-16,507.95,Cash
77,227,2021-05-07,394.56,Credit Card
78,510,2021-03-24,257.97,Google Pay
79,294,2020-09-02,253.75,Paypal
80,506,2021-10-28,425.13,Apple Pay
81,160,2022-12-30,256.44,Apple Pay
82,102,2018-07-15,573.77,Paypal
83,285,2023-09-17,381.77,Credit Card
84,196,2018-04-05,211.05,Google Pay
85,347,2018-12-23,483.96,Google Pay
86,319,2022-09-28,206.03,Paypal
87,466,2022-06-08,494,Google Pay
88,592,2019-11-05,338.51,Apple Pay
89,198,2021-10-13,357.68,Google Pay
90,517,2022-03-27,287.55,Credit Card
91,402,2022-09-02,499.38,Apple Pay
92,329,2019-08-13,409.3,Paypal
93,315,2020-12-27,248.69,Paypal
94,164,2020-03-21,397.42,Debit Card
95,117,2018-09-16,229.32,Credit Card
96,460,2019-05-12,221.58,Paypal
97,258,2023-06-24,290.9,Paypal
98,543,2021-04-11,534.45,Credit Card
99,156,2023-10-25,341.21,Apple Pay
100,127,2018-07-30,430.14,Debit Card
101,265,2020-04-15,517.12,Apple Pay
102,148,2022-08-04,412,Debit Card
103,424,2020-06-27,379.42,Google Pay
104,590,2019-02-07,549.69,Apple Pay
105,108,2022-06-23,437.98,Paypal
106,120,2019-01-30,521.22,Debit Card
107,395,2022-12-30,314.1,Google Pay
108,156,2019-05-07,433.68,Apple Pay
109,383,2020-03-28,412.65,Cash
110,342,2018-01-10,255.97,Apple Pay
111,384,2020-04-15,429.44,Apple Pay
112,484,2022-05-05,317.91,Google Pay
113,149,2018-03-26,331.83,Apple Pay
114,370,2019-08-17,282.24,Paypal
115,561,2021-04-06,228.27,Cash
116,173,2020-12-14,414.59,Credit Card
117,108,2019-08-28,221.65,Debit Card
118,193,2020-08-19,594.28,Paypal
119,567,2022-07-27,302.13,Debit Card
120,439,2019-01-14,249.4,Credit Card
121,485,2022-09-01,261.65,Credit Card
122,460,2023-09-25,409.86,Cash
123,497,2023-03-09,258.49,Paypal
124,404,2021-04-24,505.24,Cash
125,425,2020-10-30,334.96,Google Pay
126,425,2023-08-21,576.7,Credit Card
127,266,2020-12-06,425.62,Paypal
128,168,2021-01-22,213.6,Apple Pay
129,424,2022-03-20,315.18,Apple Pay
130,171,2018-10-16,310.04,Paypal
131,348,2021-10-26,400.29,Apple Pay
132,479,2022-10-10,280.12,Paypal
133,265,2019-06-15,381.21,Credit Card
134,470,2022-07-11,365.4,Apple Pay
135,328,2022-07-25,385.03,Apple Pay
136,507,2021-08-06,432.86,Apple Pay
137,115,2023-04-24,576.01,Paypal
138,312,2020-07-11,251.98,Cash
139,450,2022-05-21,569.65,Paypal
140,534,2023-09-17,377.28,Credit Card
141,175,2018-10-21,372.44,Apple Pay
142,516,2022-01-25,537.11,Debit Card
143,157,2023-04-15,408.89,Cash
144,483,2020-10-03,385.49,Google Pay
145,581,2018-01-09,485.1,Cash
146,177,2020-11-07,471.24,Google Pay
147,127,2020-07-29,483.84,Cash
148,478,2019-01-18,213.26,Apple Pay
149,424,2018-11-05,342.28,Paypal
150,350,2023-07-12,344.58,Cash
151,104,2022-11-28,575.93,Paypal
152,166,2023-11-27,451.76,Cash
153,481,2021-12-29,382.98,Debit Card
154,504,2023-02-06,339.58,Paypal
155,186,2019-04-14,350.79,Apple Pay
156,475,2020-05-01,291.67,Google Pay
157,553,2022-01-03,297.64,Apple Pay
158,532,2020-01-14,206.59,Debit Card
159,474,2022-09-10,518.29,Credit Card
160,189,2018-05-16,246.22,Apple Pay
161,439,2018-09-19,257.21,Cash
162,436,2022-05-11,329.84,Cash
163,324,2019-03-31,516.41,Google Pay
164,539,2021-09-10,221.74,Cash
165,397,2019-05-25,258.19,Paypal
166,320,2020-05-03,291.27,Credit Card
167,532,2022-02-12,310.92,Paypal
168,107,2019-09-12,252.95,Debit Card
169,452,2018-12-24,450.65,Apple Pay
170,184,2018-05-19,508.56,Paypal
171,174,2020-08-02,199.1,Apple Pay
172,408,2018-03-10,593.56,Credit Card
173,359,2021-05-14,259,Google Pay
174,311,2018-02-05,587.6,Debit Card
175,426,2020-03-28,436.41,Debit Card
176,171,2022-08-20,467.85,Credit Card
177,573,2022-06-22,418.13,Google Pay
178,560,2023-02-22,276.28,Credit Card
179,213,2022-06-11,338.36,Google Pay
180,117,2018-04-22,400.73,Cash
181,127,2023-02-02,514.6,Apple Pay
182,265,2019-05-08,243.35,Google Pay
183,139,2021-10-31,537.29,Google Pay
184,538,2023-06-03,449.96,Apple Pay
185,512,2023-08-06,404.7,Google Pay
186,470,2021-01-22,569.32,Apple Pay
187,262,2018-02-24,280.33,Paypal
188,514,2019-04-13,500.36,Credit Card
189,313,2021-12-03,345.55,Credit Card
190,482,2022-06-19,241.53,Cash
191,308,2019-12-07,220.68,Credit Card
192,398,2023-09-24,594.93,Credit Card
193,329,2020-04-28,510.73,Cash
194,399,2022-08-08,392.52,Cash
195,107,2018-10-26,446.77,Cash
196,216,2020-11-02,395.1,Google Pay
197,474,2021-01-23,598.46,Debit Card
198,182,2021-05-15,291.78,Debit Card
199,511,2021-12-13,408.59,Google Pay
200,465,2023-03-07,273.25,Cash
201,532,2020-11-05,359.03,Google Pay
202,183,2020-01-24,323.74,Apple Pay
203,181,2022-03-25,551.71,Google Pay
204,181,2020-01-13,208.11,Google Pay
205,395,2019-07-31,247.62,Paypal
206,500,2023-05-27,221.83,Paypal
207,460,2018-07-02,481.87,Apple Pay
208,304,2021-12-05,457.95,Credit Card
209,160,2023-10-18,454.14,Cash
210,120,2021-11-02,297.33,Debit Card
211,156,2023-03-17,267.44,Apple Pay
212,383,2018-07-29,288.59,Credit Card
213,246,2018-02-06,536.9,Cash
214,446,2020-06-13,523.38,Credit Card
215,476,2020-08-16,274.34,Apple Pay
216,199,2022-12-26,464.76,Cash
217,471,2019-07-15,282.25,Debit Card
218,234,2021-07-26,220.56,Google Pay
219,574,2020-10-05,241.63,Cash
220,592,2019-03-28,219.19,Cash
221,317,2018-12-29,228.06,Credit Card
222,223,2022-04-15,406.35,Cash
223,413,2022-10-04,348.96,Paypal
224,375,2021-04-05,558.64,Credit Card
225,548,2022-04-22,448.91,Google Pay
226,302,2019-08-26,274.93,Cash
227,360,2022-07-18,354.61,Credit Card
228,441,2019-05-11,541.06,Paypal
229,125,2020-09-08,472.31,Credit Card
230,146,2022-01-28,593.13,Cash
231,507,2019-04-26,560.47,Apple Pay
232,353,2023-10-08,456.37,Credit Card
233,516,2021-12-27,382.82,Debit Card
234,559,2023-06-01,411.24,Apple Pay
235,164,2019-09-21,543.16,Debit Card
236,335,2023-01-06,563.34,Apple Pay
237,318,2023-02-17,544.47,Google Pay
238,572,2022-07-16,398.36,Google Pay
239,485,2020-01-08,580.25,Google Pay
240,316,2018-04-03,213.76,Google Pay
241,560,2020-11-08,482.82,Apple Pay
242,557,2019-12-07,210.84,Credit Card
243,311,2021-12-05,246.01,Debit Card
244,415,2018-11-15,503.02,Cash
245,233,2023-09-04,452.3,Credit Card
246,231,2021-04-18,587.45,Apple Pay
247,466,2020-10-30,242.62,Paypal
248,531,2021-11-13,596.48,Debit Card
249,149,2022-04-23,353.23,Cash
250,594,2021-12-26,389.22,Google Pay
251,107,2020-03-05,358.08,Google Pay
252,415,2019-06-05,340.85,Credit Card
253,170,2019-04-26,284.84,Debit Card
254,404,2021-09-08,535.7,Google Pay
255,179,2021-03-06,592.15,Google Pay
256,375,2022-11-25,287.87,Credit Card
257,352,2018-02-01,567.6,Cash
258,372,2022-01-30,563.59,Debit Card
259,170,2018-02-12,525.69,Google Pay
260,225,2019-07-31,272.08,Debit Card
261,383,2021-02-10,547.4,Cash
262,296,2021-04-13,289.91,Google Pay
263,161,2018-08-19,348.15,Paypal
264,383,2023-08-18,501.61,Google Pay
265,323,2021-07-04,274.63,Debit Card
266,579,2023-11-05,582.38,Credit Card
267,144,2022-11-27,387.2,Paypal
268,293,2019-07-08,554,Google Pay
269,303,2018-05-04,519.99,Apple Pay
270,427,2023-08-06,218.74,Apple Pay
271,590,2020-02-29,578.6,Cash
272,471,2020-01-15,479.83,Credit Card
273,556,2020-03-02,269.12,Credit Card
274,165,2019-03-02,336.46,Google Pay
275,453,2022-08-13,311.2,Debit Card
276,284,2021-10-16,286.26,Cash
277,542,2018-08-18,513.15,Credit Card
278,172,2021-09-12,295.3,Credit Card
279,556,2020-07-30,385.86,Debit Card
280,174,2023-08-25,463.32,Debit Card
281,377,2022-01-23,227.45,Credit Card
282,257,2019-05-10,511.82,Google Pay
283,466,2018-02-08,449.38,Google Pay
284,110,2021-04-07,545.45,Paypal
285,467,2021-02-13,355.13,Cash
286,185,2023-08-18,579.74,Credit Card
287,285,2021-01-31,349.52,Paypal
288,277,2023-03-06,200.87,Paypal
289,126,2021-04-12,489.02,Debit Card
290,310,2018-05-03,339.1,Credit Card
291,599,2019-09-13,505.51,Apple Pay
292,359,2023-02-04,232.14,Cash
293,437,2021-02-09,444.45,Apple Pay
294,123,2022-07-07,309.17,Credit Card
295,310,2022-04-25,567.21,Paypal
296,371,2020-07-04,518.81,Debit Card
297,315,2022-12-19,283.12,Paypal
298,112,2018-11-12,557.18,Google Pay
299,177,2020-03-29,566.28,Debit Card
300,537,2019-10-22,486.68,Credit Card
301,425,2021-02-26,431.68,Cash
302,319,2019-01-09,245.99,Apple Pay
303,280,2018-08-04,331.42,Debit Card
304,318,2021-12-29,332.21,Cash
305,198,2020-07-15,239.84,Google Pay
306,212,2022-06-17,478.18,Google Pay
307,354,2019-03-31,263.73,Cash
308,267,2018-10-23,445.36,Apple Pay
309,282,2019-07-27,552.44,Apple Pay
310,434,2019-07-11,267.03,Paypal
311,231,2018-06-07,506.56,Paypal
312,176,2018-02-18,435.18,Debit Card
313,548,2022-04-19,548.17,Cash
314,440,2023-08-31,506.23,Apple Pay
315,206,2022-03-19,595.03,Credit Card
316,193,2019-02-12,396.12,Debit Card
317,480,2018-08-06,405.73,Google Pay
318,495,2023-02-07,494.84,Apple Pay
319,375,2023-06-05,328.12,Apple Pay
320,497,2023-06-27,491.93,Debit Card
321,325,2021-11-11,508.14,Credit Card
322,274,2018-07-28,304.36,Debit Card
323,239,2022-10-22,399.07,Apple Pay
324,119,2020-01-13,415.47,Cash
325,532,2020-02-17,594.37,Paypal
326,201,2023-03-31,533.73,Debit Card
327,386,2023-05-29,240.59,Apple Pay
328,305,2019-08-27,218.27,Google Pay
329,491,2019-11-26,482.84,Paypal
330,441,2023-10-28,398.76,Apple Pay
331,455,2019-02-09,358.25,Paypal
332,136,2019-10-17,524.67,Cash
333,522,2019-04-19,257.36,Paypal
334,326,2020-05-13,358.5,Debit Card
335,137,2018-03-10,324.2,Credit Card
336,231,2018-05-23,573.94,Credit Card
337,427,2022-02-05,413.5,Paypal
338,520,2022-12-19,589.74,Apple Pay
339,393,2021-04-04,429.61,Paypal
340,525,2018-02-08,487.63,Debit Card
341,408,2018-01-26,279.05,Cash
342,415,2018-09-06,269.45,Credit Card
343,459,2019-11-18,453.54,Cash
344,511,2020-08-08,349.3,Google Pay
345,374,2020-10-13,461.34,Apple Pay
346,414,2018-12-26,492.22,Credit Card
347,150,2020-04-29,269.57,Google Pay
348,345,2023-03-25,467.68,Apple Pay
349,297,2021-11-18,283.36,Cash
350,409,2022-12-22,420.26,Apple Pay
351,198,2018-06-20,492.41,Credit Card
352,264,2023-11-19,350.96,Cash
353,528,2019-08-18,347.32,Debit Card
354,163,2020-04-09,296.93,Debit Card
355,375,2019-01-12,586.65,Paypal
356,454,2019-10-20,244.97,Debit Card
357,593,2018-08-11,545.61,Debit Card
358,426,2019-08-15,482.42,Debit Card
359,127,2022-02-10,453.49,Cash
360,352,2020-05-16,499.98,Credit Card
361,485,2018-03-19,268.25,Apple Pay
362,228,2020-07-23,206.79,Cash
363,375,2021-01-14,542.11,Paypal
364,477,2021-11-30,280.85,Paypal
365,339,2021-02-05,563.17,Credit Card
366,248,2021-07-17,350.96,Debit Card
367,456,2020-08-04,595.75,Credit Card
368,558,2022-07-24,432.76,Debit Card
369,131,2023-07-09,222.21,Paypal
370,459,2020-10-15,343.83,Debit Card
371,459,2018-09-25,255.42,Cash
372,306,2023-08-21,331.62,Cash
373,192,2023-04-07,582.61,Cash
374,512,2019-04-18,310.58,Google Pay
375,365,2021-08-11,492.76,Cash
376,364,2019-02-09,533.97,Apple Pay
377,547,2020-07-10,508.21,Debit Card
378,424,2020-12-16,452.87,Cash
379,564,2020-12-21,295.94,Paypal
380,567,2022-12-13,200.42,Debit Card
381,124,2018-02-08,459.85,Google Pay
382,173,2022-04-26,224.85,Paypal
383,108,2021-09-27,230.5,Cash
384,544,2023-07-15,320.87,Paypal
385,385,2020-09-06,257.71,Google Pay
386,549,2022-06-13,378,Google Pay
387,130,2023-05-10,289.58,Cash
388,481,2023-06-10,290.83,Paypal
389,510,2020-11-04,233.96,Credit Card
390,381,2021-10-30,235.66,Paypal
391,259,2019-03-21,286.86,Google Pay
392,116,2020-04-03,532.53,Debit Card
393,314,2020-10-19,332.87,Google Pay
394,197,2019-02-23,414.45,Apple Pay
395,386,2019-03-31,202.95,Credit Card
396,155,2023-06-07,550.19,Apple Pay
397,578,2022-03-14,573.68,Paypal
398,530,2020-10-27,476.65,Paypal
399,150,2021-01-07,223.75,Paypal
400,439,2019-05-02,249.72,Debit Card
401,481,2021-04-09,440.22,Apple Pay
402,448,2018-11-18,458.5,Google Pay
403,204,2022-09-26,250.83,Credit Card
404,399,2021-10-17,512.15,Google Pay
405,538,2018-07-28,256.79,Google Pay
406,278,2023-09-19,454.4,Credit Card
407,301,2018-12-13,358.88,Apple Pay
408,302,2021-10-20,284.01,Debit Card
409,554,2023-07-05,588.71,Google Pay
410,421,2023-11-29,442.6,Debit Card
411,363,2020-07-14,586.11,Paypal
412,422,2023-08-29,436.03,Credit Card
413,150,2022-11-27,208.13,Paypal
414,144,2023-04-11,590.29,Google Pay
415,105,2021-09-29,419.86,Apple Pay
416,424,2018-05-12,439.9,Google Pay
417,453,2018-09-29,242.17,Debit Card
418,353,2019-11-12,355.25,Paypal
419,470,2020-02-01,201.75,Debit Card
420,236,2022-09-27,439.73,Cash
421,123,2019-03-05,301.53,Cash
422,425,2019-03-20,237.2,Credit Card
423,203,2019-03-13,466.59,Debit Card
424,353,2020-07-28,594.98,Google Pay
425,104,2020-04-12,560.83,Cash
426,244,2021-06-22,375.38,Cash
427,575,2020-06-08,324.81,Cash
428,187,2022-03-04,597.47,Credit Card
429,294,2018-01-02,512.96,Cash
430,250,2020-08-31,480.62,Paypal
431,159,2021-06-01,253.23,Credit Card
432,154,2018-12-15,524.57,Google Pay
433,426,2019-11-05,435.14,Apple Pay
434,353,2022-03-18,434.3,Cash
435,235,2019-12-18,595.3,Google Pay
436,173,2018-12-30,358.45,Google Pay
437,441,2021-08-11,314.27,Credit Card
438,128,2020-10-01,336.09,Google Pay
439,194,2022-11-30,285.75,Cash
440,218,2021-05-08,348.65,Credit Card
441,519,2023-06-29,530.34,Apple Pay
442,512,2018-12-04,416.21,Debit Card
443,200,2020-01-04,564.41,Credit Card
444,302,2018-03-22,295.06,Cash
445,257,2022-08-08,220.87,Debit Card
446,477,2020-04-04,404.09,Apple Pay
447,486,2021-09-02,243.55,Debit Card
448,342,2023-08-18,228.17,Debit Card
449,110,2019-03-07,251.04,Paypal
450,500,2020-04-06,348.78,Apple Pay
451,218,2020-10-06,441.95,Credit Card
452,302,2021-09-01,559.34,Paypal
453,291,2022-09-12,443.06,Apple Pay
454,425,2019-08-27,255.53,Cash
455,162,2023-08-27,429,Cash
456,244,2022-05-29,469.41,Apple Pay
457,327,2023-02-12,564.2,Credit Card
458,565,2019-07-08,490.05,Paypal
459,516,2022-05-16,369.68,Apple Pay
460,398,2018-02-18,517.84,Credit Card
461,306,2019-12-12,558.19,Credit Card
462,209,2022-02-03,199.13,Credit Card
463,596,2019-06-23,422.83,Cash
464,387,2019-01-16,570.4,Apple Pay
465,520,2020-12-26,313.94,Apple Pay
466,443,2020-06-30,350.42,Google Pay
467,325,2022-08-12,289.99,Cash
468,261,2020-10-11,547.69,Apple Pay
469,180,2022-03-29,528.99,Cash
470,325,2019-01-18,579.18,Apple Pay
471,224,2022-05-03,236.7,Apple Pay
472,566,2018-10-27,440.71,Google Pay
473,305,2021-10-28,492.57,Credit Card
474,449,2022-01-09,325.43,Google Pay
475,550,2021-10-30,412.13,Google Pay
476,476,2021-12-11,532.69,Cash
477,499,2020-11-16,502.1,Apple Pay
478,337,2021-06-24,227.17,Credit Card
479,311,2021-08-25,599.72,Google Pay
480,138,2020-07-14,438.63,Paypal
481,488,2020-04-09,343.68,Paypal
482,156,2023-08-20,501.34,Cash
483,450,2022-12-17,411.45,Debit Card
484,161,2020-03-17,554.33,Apple Pay
485,391,2022-02-24,547.74,Apple Pay
486,375,2023-01-04,420.81,Debit Card
487,348,2020-11-18,486.99,Credit Card
488,491,2020-03-10,400.85,Debit Card
489,600,2021-05-07,366.35,Google Pay
490,360,2023-08-24,302.75,Google Pay
491,472,2020-10-24,329.41,Debit Card
492,111,2021-09-12,421.79,Paypal
493,183,2023-09-02,411.95,Debit Card
494,292,2020-12-20,320.58,Debit Card
495,239,2023-11-01,230.36,Paypal
496,489,2022-08-20,271.58,Cash
497,406,2018-02-19,339.66,Credit Card
498,588,2020-06-28,216.12,Debit Card
499,368,2022-07-29,271.47,Google Pay
500,418,2022-08-31,557.46,Paypal
501,127,2018-12-08,226.17,Apple Pay
502,217,2018-06-06,585.38,Debit Card
503,411,2023-05-08,309.2,Apple Pay
504,528,2020-07-06,371.39,Paypal
505,143,2019-07-29,503.78,Debit Card
506,292,2018-12-02,382.17,Cash
507,568,2018-03-03,253.24,Paypal
508,107,2018-12-27,314.13,Credit Card
509,247,2018-08-10,388.85,Apple Pay
510,110,2022-07-12,286.39,Apple Pay
511,249,2022-03-04,531.23,Apple Pay
512,395,2021-06-25,221.65,Paypal
513,252,2020-09-30,266.07,Credit Card
514,544,2021-12-10,539.97,Credit Card
515,143,2021-01-25,579.08,Google Pay
516,188,2023-05-04,251.69,Cash
517,223,2020-01-17,285,Debit Card
518,455,2020-08-30,502.24,Apple Pay
519,373,2022-09-15,265.75,Cash
520,395,2023-11-30,371.19,Paypal
521,137,2019-06-15,564.03,Google Pay
522,103,2019-07-08,511.35,Credit Card
523,215,2022-03-13,522.88,Google Pay
524,258,2020-12-09,380.98,Credit Card
525,329,2019-03-09,262.38,Cash
526,528,2022-07-15,406.69,Cash
527,313,2018-01-17,407.64,Credit Card
528,504,2021-01-15,544.51,Apple Pay
529,188,2021-06-10,339.71,Google Pay
530,176,2020-12-07,249,Cash
531,409,2020-07-01,349.45,Credit Card
532,250,2022-06-30,327.75,Google Pay
533,390,2022-04-22,443.52,Cash
534,532,2018-11-01,354.82,Google Pay
535,424,2023-12-04,288.89,Cash
536,559,2021-11-06,328.86,Google Pay
537,333,2021-03-29,279.43,Apple Pay
538,147,2022-03-31,599.21,Cash
539,237,2021-12-09,493.8,Paypal
540,453,2022-10-03,379.25,Apple Pay
541,153,2021-10-15,579.72,Paypal
542,448,2021-05-09,352.88,Google Pay
543,475,2020-10-16,572.38,Paypal
544,326,2018-01-01,372.11,Cash
545,173,2018-04-23,535.23,Apple Pay
546,231,2022-05-24,227.39,Debit Card
547,508,2020-07-14,290.23,Credit Card
548,571,2022-04-22,471.69,Apple Pay
549,283,2019-08-27,230.54,Apple Pay
550,105,2023-11-25,336.33,Paypal
551,401,2022-09-27,407.44,Debit Card
552,581,2022-01-11,364.7,Paypal
553,487,2021-09-11,249.94,Debit Card
554,310,2019-11-14,481.69,Credit Card
555,109,2021-10-08,335.6,Credit Card
556,117,2018-06-01,590.87,Cash
557,289,2023-07-27,419.78,Google Pay
558,148,2023-08-29,306.74,Credit Card
559,114,2023-10-12,419.87,Cash
560,513,2022-10-27,296.27,Credit Card
561,384,2023-04-22,353.33,Paypal
562,331,2018-10-05,318.35,Credit Card
563,470,2018-10-20,389.02,Paypal
564,450,2021-02-09,550.45,Credit Card
565,302,2020-07-17,249.89,Credit Card
566,595,2021-05-23,429.68,Credit Card
567,265,2021-01-15,482.28,Apple Pay
568,423,2021-10-15,545.75,Paypal
569,567,2018-02-19,542.76,Debit Card
570,207,2022-07-26,313.24,Cash
571,407,2021-01-19,468.14,Paypal
572,371,2019-01-14,257.12,Credit Card
573,303,2019-11-15,508.14,Cash
574,229,2020-03-16,458.1,Credit Card
575,374,2023-09-16,492.59,Google Pay
576,336,2018-08-08,373.49,Paypal
577,295,2022-05-14,431.21,Debit Card
578,290,2022-11-05,444.8,Cash
579,213,2021-11-17,498.56,Credit Card
580,116,2018-08-28,427.74,Google Pay
581,254,2018-05-01,398.84,Cash
582,582,2020-05-15,283.38,Credit Card
583,164,2022-02-03,552.6,Paypal
584,326,2022-06-30,373.44,Paypal
585,485,2023-05-19,534.9,Apple Pay
586,405,2021-08-18,517.91,Cash
587,521,2023-04-21,235.98,Paypal
588,135,2020-09-19,323.53,Google Pay
589,133,2023-11-23,523.96,Cash
590,516,2018-08-18,526.38,Debit Card
591,445,2021-09-24,438.61,Debit Card
592,386,2022-06-26,335.2,Debit Card
593,341,2018-12-25,235.18,Google Pay
594,199,2020-07-25,313.11,Debit Card
595,151,2020-09-24,307.87,Debit Card
596,201,2020-07-07,405.9,Credit Card
597,504,2018-01-03,269.05,Paypal
598,481,2023-04-01,472.38,Apple Pay
599,304,2018-10-07,476.41,Cash
600,547,2023-11-19,248.08,Paypal
601,382,2022-05-10,343.86,Cash
602,389,2020-07-18,460.63,Credit Card
603,417,2020-04-02,592.39,Cash
604,422,2023-07-03,512.82,Debit Card
605,196,2022-09-15,517.78,Credit Card
606,432,2021-09-02,226.98,Credit Card
607,521,2021-01-02,332,Cash
608,300,2022-03-15,320.38,Google Pay
609,549,2018-02-19,584.39,Cash
610,300,2022-09-26,410.54,Debit Card
611,505,2018-01-17,421.3,Apple Pay
612,125,2023-06-13,486.61,Google Pay
613,554,2020-06-11,516.26,Google Pay
614,444,2019-11-19,573.77,Google Pay
615,145,2021-07-02,501.44,Google Pay
616,267,2021-05-24,566.49,Debit Card
617,237,2019-10-27,511.33,Credit Card
618,384,2022-04-30,297.51,Debit Card
619,402,2020-06-20,307.41,Google Pay
620,141,2018-04-14,228.18,Apple Pay
621,284,2021-07-19,320.78,Apple Pay
622,455,2019-07-12,211.75,Cash
623,289,2018-11-21,389.18,Apple Pay
624,324,2023-07-27,503.56,Paypal
625,149,2018-07-21,213.17,Apple Pay
626,524,2021-07-15,496.08,Cash
627,350,2019-04-29,361.06,Paypal
628,127,2023-05-23,545.59,Cash
629,596,2023-12-04,207.89,Paypal
630,549,2019-07-23,594.25,Debit Card
631,252,2021-04-15,364.7,Credit Card
632,455,2021-09-27,426.49,Debit Card
633,213,2023-12-04,435.51,Debit Card
634,431,2018-05-14,327.2,Google Pay
635,346,2019-05-21,365.86,Apple Pay
636,596,2022-06-06,516.11,Paypal
637,263,2022-12-20,298.54,Apple Pay
638,371,2022-04-02,248.24,Credit Card
639,222,2023-05-25,559.32,Credit Card
640,258,2019-07-21,244.14,Cash
641,229,2019-08-29,397.61,Cash
642,530,2018-06-17,455.46,Paypal
643,223,2021-08-22,572.88,Google Pay
644,312,2023-07-29,288.8,Credit Card
645,551,2022-02-22,391.35,Google Pay
646,205,2018-05-19,227.14,Apple Pay
647,217,2019-10-24,467.15,Google Pay
648,578,2023-01-03,544.51,Apple Pay
649,131,2019-01-05,341.84,Cash
650,433,2020-03-19,202.72,Debit Card
651,462,2019-02-16,588.26,Debit Card
652,393,2023-04-12,210.68,Google Pay
653,449,2020-08-02,505.61,Debit Card
654,381,2023-10-25,499.21,Paypal
655,543,2020-11-12,218.86,Credit Card
656,348,2020-02-19,335.9,Google Pay
657,177,2019-11-16,596.84,Cash
658,273,2023-08-21,598.12,Cash
659,539,2020-08-02,214.89,Apple Pay
660,545,2019-07-18,353.83,Apple Pay
661,276,2022-11-29,431.22,Google Pay
662,558,2019-08-27,238.59,Cash
663,377,2021-12-25,505.09,Google Pay
664,269,2019-11-01,321.15,Cash
665,192,2022-10-20,245.11,Cash
666,502,2018-03-24,595.97,Credit Card
667,560,2020-09-18,516.74,Cash
668,310,2021-09-20,270.36,Credit Card
669,547,2022-11-08,570.57,Credit Card
670,438,2022-11-28,283.55,Cash
671,149,2018-08-07,213.33,Google Pay
672,279,2022-06-11,332.73,Debit Card
673,534,2022-03-01,226.95,Paypal
674,449,2019-10-25,530.63,Credit Card
675,373,2018-04-29,538.31,Apple Pay
676,303,2019-05-09,561.33,Cash
677,481,2022-02-12,557.77,Apple Pay
678,561,2021-08-12,210.76,Apple Pay
679,485,2022-08-10,272.82,Google Pay
680,457,2022-06-13,553.39,Debit Card
681,402,2021-10-26,563.3,Credit Card
682,118,2018-04-15,328.02,Google Pay
683,259,2020-04-01,236.52,Credit Card
684,172,2019-03-11,239.09,Google Pay
685,430,2020-05-16,323.35,Cash
686,503,2021-02-09,246.57,Apple Pay
687,273,2022-10-31,320.4,Google Pay
688,161,2020-01-02,330.91,Debit Card
689,342,2020-10-17,572.65,Apple Pay
690,397,2023-10-06,558.46,Credit Card
691,423,2023-11-10,372.22,Apple Pay
692,592,2023-01-23,302.65,Cash
693,470,2020-02-05,455.99,Debit Card
694,453,2019-10-12,465.63,Paypal
695,183,2022-09-02,221.49,Cash
696,157,2018-08-02,570.72,Debit Card
697,498,2019-05-11,212.51,Credit Card
698,415,2022-06-09,553.1,Paypal
699,526,2018-03-25,541.27,Cash
700,593,2022-03-10,365.06,Google Pay
701,317,2018-01-07,355.29,Paypal
702,481,2023-12-02,330.74,Cash
703,179,2023-03-24,451.24,Credit Card
704,450,2022-01-05,310.57,Debit Card
705,539,2020-01-21,280.71,Credit Card
706,241,2019-06-30,527.9,Paypal
707,160,2020-07-25,297.95,Google Pay
708,213,2020-06-30,502.03,Debit Card
709,261,2022-11-30,398.73,Debit Card
710,174,2021-07-01,528.63,Google Pay
711,177,2019-10-08,393.14,Credit Card
712,221,2018-07-10,250.63,Credit Card
713,531,2020-04-17,384.24,Cash
714,441,2018-06-27,512.64,Debit Card
715,548,2020-06-01,464.34,Paypal
716,307,2021-12-25,596.45,Cash
717,374,2021-03-01,450.06,Cash
718,145,2023-05-07,432.18,Cash
719,197,2018-12-14,569.18,Debit Card
720,171,2020-03-18,471.65,Credit Card
721,543,2020-06-29,261.22,Cash
722,106,2019-05-18,514.57,Google Pay
723,479,2023-05-21,244.87,Google Pay
724,439,2020-06-06,387.46,Credit Card
725,215,2023-10-01,318.57,Google Pay
726,261,2020-06-01,206.9,Credit Card
727,193,2023-10-13,303.19,Cash
728,534,2023-03-07,289.08,Debit Card
729,270,2020-12-18,541.12,Credit Card
730,402,2018-09-30,297.14,Debit Card
731,232,2023-10-24,409.06,Debit Card
732,433,2018-06-16,415.23,Cash
733,420,2018-06-16,204.05,Cash
734,260,2018-05-10,348.25,Google Pay
735,469,2023-02-27,247.46,Credit Card
736,337,2019-09-10,390.23,Paypal
737,314,2021-03-19,358.81,Debit Card
738,173,2021-09-21,567.81,Paypal
739,403,2022-04-24,344.4,Debit Card
740,498,2020-02-24,239.25,Apple Pay
741,405,2020-11-28,313.01,Debit Card
742,447,2020-07-02,284.29,Google Pay
743,218,2018-03-21,346.51,Google Pay
744,105,2023-12-01,553.23,Credit Card
745,329,2019-03-22,286.13,Cash
746,273,2021-02-11,213.29,Apple Pay
747,184,2020-11-11,384,Debit Card
748,173,2018-09-07,378.38,Google Pay
749,374,2022-10-24,286.54,Debit Card
750,328,2023-10-22,258.36,Apple Pay
751,484,2023-04-15,566.12,Credit Card
752,136,2023-05-19,281.69,Credit Card
753,161,2018-11-05,238.13,Apple Pay
754,204,2023-10-17,373.79,Apple Pay
755,316,2022-10-27,452.06,Cash
756,143,2022-06-03,477.24,Credit Card
757,250,2019-10-09,574.71,Paypal
758,236,2022-01-09,583.55,Paypal
759,473,2021-06-04,447.92,Apple Pay
760,578,2018-07-24,208.78,Debit Card
761,139,2021-01-02,583.56,Credit Card
762,114,2019-06-09,504.97,Credit Card
763,122,2018-10-11,493.89,Debit Card
764,224,2018-10-24,350.35,Apple Pay
765,345,2019-03-15,488.39,Debit Card
766,373,2023-07-23,262.04,Credit Card
767,161,2019-07-01,201.26,Apple Pay
768,157,2019-01-20,293.04,Debit Card
769,258,2020-11-13,543.7,Debit Card
770,596,2020-07-06,593.39,Apple Pay
771,557,2020-02-05,351.58,Credit Card
772,189,2020-09-22,328.84,Cash
773,195,2019-03-09,202.78,Google Pay
774,497,2023-07-24,391.14,Debit Card
775,571,2018-07-28,370.99,Cash
776,318,2021-09-29,475.24,Paypal
777,354,2021-05-21,582.5,Debit Card
778,157,2020-05-27,488.45,Google Pay
779,403,2022-05-31,499.61,Credit Card
780,166,2018-05-03,513.29,Debit Card
781,352,2019-08-16,415.04,Cash
782,475,2018-07-02,276.44,Paypal
783,289,2021-02-13,251.91,Google Pay
784,469,2018-06-22,530.79,Debit Card
785,489,2018-02-04,568.73,Apple Pay
786,375,2021-03-19,326.79,Cash
787,485,2023-08-12,368.89,Apple Pay
788,143,2023-11-16,338.11,Cash
789,471,2020-01-29,303.99,Apple Pay
790,427,2020-01-25,228.21,Apple Pay
791,282,2021-05-25,416.06,Google Pay
792,287,2023-09-17,382.85,Apple Pay
793,425,2023-11-28,583.69,Cash
794,417,2023-05-30,530.14,Paypal
795,127,2022-09-28,467.23,Cash
796,576,2018-11-07,355.87,Paypal
797,382,2019-12-19,413.28,Paypal
798,458,2018-08-03,324.78,Apple Pay
799,511,2019-06-09,585.22,Apple Pay
800,346,2020-01-13,466.66,Google Pay
801,427,2018-12-09,540.67,Apple Pay
802,482,2020-07-14,503.42,Google Pay
803,160,2023-02-19,455.02,Debit Card
804,141,2023-02-16,214.66,Google Pay
805,170,2019-12-19,215.07,Paypal
806,108,2020-01-19,402.2,Cash
807,579,2020-01-20,500.45,Credit Card
808,115,2019-07-21,583.68,Debit Card
809,570,2019-08-06,549.3,Credit Card
810,170,2019-03-20,310.3,Cash
811,105,2018-08-28,504.72,Debit Card
812,546,2021-12-04,492.23,Paypal
813,348,2021-11-17,311.77,Credit Card
814,252,2018-01-31,490.65,Paypal
815,118,2019-06-28,563.69,Debit Card
816,472,2021-04-05,267.86,Google Pay
817,157,2021-05-20,352.8,Cash
818,421,2018-09-18,581.82,Debit Card
819,435,2022-09-23,247.03,Google Pay
820,449,2018-03-29,422.68,Google Pay
821,187,2020-07-30,457.56,Credit Card
822,318,2018-07-16,488.9,Paypal
823,276,2022-04-02,386.74,Apple Pay
824,149,2021-07-21,205.52,Cash
825,410,2022-07-13,578.57,Cash
826,387,2020-01-15,310.27,Cash
827,401,2018-12-16,378.85,Apple Pay
828,371,2021-04-07,326.92,Google Pay
829,262,2023-05-12,499.62,Cash
830,448,2023-06-16,321.55,Cash
831,567,2021-05-06,384.1,Credit Card
832,315,2022-07-06,308.5,Paypal
833,457,2019-08-22,509.11,Cash
834,458,2022-11-10,517.91,Debit Card
835,527,2018-01-12,442.57,Cash
836,385,2018-01-22,563.86,Credit Card
837,304,2023-07-08,542.67,Cash
838,541,2020-01-07,332.36,Paypal
839,316,2021-07-04,347.77,Paypal
840,574,2019-12-16,384.53,Apple Pay
841,500,2021-02-04,580.3,Cash
842,366,2018-12-03,584.87,Credit Card
843,340,2019-05-12,371.8,Credit Card
844,318,2023-11-01,201.41,Paypal
845,185,2022-03-31,512.28,Apple Pay
846,445,2020-02-12,392.64,Apple Pay
847,369,2023-11-04,361.65,Paypal
848,503,2018-11-12,243.94,Cash
849,385,2019-10-18,543.09,Credit Card
850,233,2022-09-30,434.04,Debit Card
851,555,2021-07-14,203.9,Cash
852,426,2020-10-24,595.36,Cash
853,133,2023-09-25,200.44,Debit Card
854,542,2019-06-20,313.54,Cash
855,516,2021-12-12,252.28,Credit Card
856,432,2018-08-26,442.79,Google Pay
857,498,2018-11-02,268.8,Cash
858,327,2018-06-08,414.66,Debit Card
859,566,2022-12-24,534.99,Google Pay
860,170,2018-03-19,391.33,Cash
861,110,2018-11-29,225.01,Cash
862,422,2023-05-18,464.7,Debit Card
863,269,2022-08-09,506.68,Google Pay
864,472,2019-10-25,362.35,Google Pay
865,134,2019-05-18,580.68,Apple Pay
866,312,2021-01-07,451.5,Debit Card
867,542,2018-08-31,529.62,Debit Card
868,180,2023-08-23,596.27,Paypal
869,347,2018-12-30,339.28,Apple Pay
870,591,2023-10-21,243.53,Google Pay
871,132,2021-12-12,313.57,Debit Card
872,129,2019-10-26,541.12,Debit Card
873,264,2022-07-28,294.91,Cash
874,517,2023-11-17,315.94,Google Pay
875,272,2021-07-27,539,Paypal
876,109,2021-07-09,453.07,Apple Pay
877,484,2019-05-17,466.77,Credit Card
878,507,2020-10-02,508.62,Cash
879,317,2018-07-02,264.49,Credit Card
880,186,2022-04-10,517.46,Debit Card
881,145,2021-03-27,496.71,Credit Card
882,596,2019-03-29,592.19,Credit Card
883,558,2020-01-07,238.69,Paypal
884,113,2018-11-26,481.04,Cash
885,253,2021-04-25,205.93,Apple Pay
886,207,2018-09-20,570.97,Cash
887,420,2020-09-07,420.54,Credit Card
888,436,2019-10-31,441.13,Google Pay
889,313,2021-11-11,400.08,Debit Card
890,170,2018-07-19,449.02,Cash
891,330,2023-03-18,294.79,Google Pay
892,488,2021-09-14,267.63,Paypal
893,173,2018-12-31,356.29,Cash
894,185,2018-04-09,282.01,Cash
895,331,2020-04-15,254.94,Google Pay
896,119,2018-07-11,414.59,Google Pay
897,471,2021-05-12,361.4,Paypal
898,372,2022-07-17,269.58,Paypal
899,529,2022-09-20,590.51,Credit Card
900,196,2021-10-10,295.59,Credit Card
901,331,2019-12-22,558.93,Apple Pay
902,561,2023-02-07,560.35,Paypal
903,549,2023-07-01,351.71,Apple Pay
904,293,2018-10-17,505.81,Google Pay
905,470,2018-05-04,352.28,Paypal
906,260,2022-06-15,489.92,Credit Card
907,474,2019-08-12,577.98,Credit Card
908,595,2021-05-25,213.25,Google Pay
909,142,2019-05-22,283.06,Apple Pay
910,362,2023-05-04,589.75,Credit Card
911,123,2020-07-13,275.13,Credit Card
912,279,2023-02-09,248.48,Paypal
913,313,2020-11-06,355.55,Debit Card
914,397,2023-10-06,294.35,Credit Card
915,201,2022-08-08,378.41,Debit Card
916,319,2019-06-20,246.13,Credit Card
917,254,2023-03-21,244.34,Google Pay
918,262,2022-02-08,463.46,Apple Pay
919,441,2022-10-18,261.03,Google Pay
920,220,2021-02-15,546.87,Apple Pay
921,324,2019-07-07,477.65,Apple Pay
922,106,2022-04-30,230.38,Credit Card
923,295,2019-06-18,259.83,Credit Card
924,353,2018-07-02,210.81,Google Pay
925,156,2019-01-13,290.19,Google Pay
926,206,2018-08-19,410.45,Paypal
927,559,2023-03-07,592.97,Google Pay
928,250,2018-10-27,581.39,Debit Card
929,518,2020-08-16,426.27,Debit Card
930,255,2021-02-28,554.91,Debit Card
931,554,2022-06-04,596.3,Apple Pay
932,186,2019-07-05,375.46,Cash
933,569,2023-05-15,599.17,Credit Card
934,338,2019-05-20,372.09,Debit Card
935,390,2021-09-07,432.48,Apple Pay
936,298,2020-03-01,592.51,Apple Pay
937,559,2022-10-09,403.31,Debit Card
938,233,2018-06-20,400.82,Credit Card
939,234,2018-02-08,329.72,Debit Card
940,120,2023-03-21,589.1,Paypal
941,306,2020-03-13,443.89,Debit Card
942,362,2018-06-09,489.95,Debit Card
943,583,2018-08-08,530.69,Debit Card
944,411,2019-02-03,453.82,Cash
945,332,2020-06-30,325.81,Cash
946,278,2018-11-13,397.39,Cash
947,581,2020-04-10,385.71,Cash
948,517,2021-08-08,210.54,Apple Pay
949,390,2019-01-17,402.02,Cash
950,479,2018-04-24,545.64,Paypal
951,427,2023-09-23,572.15,Paypal
952,351,2022-03-11,568.19,Debit Card
953,546,2020-07-13,223.55,Debit Card
954,449,2018-07-21,484.5,Paypal
955,262,2022-08-21,533.39,Debit Card
956,350,2019-07-14,502.74,Google Pay
957,170,2019-01-02,250.1,Debit Card
958,588,2019-01-21,420.31,Debit Card
959,177,2021-05-20,534.16,Apple Pay
960,556,2018-09-21,432.79,Debit Card
961,349,2020-01-20,586.49,Paypal
962,355,2019-05-05,498.01,Cash
963,270,2022-03-09,358.5,Google Pay
964,148,2019-07-25,503.15,Credit Card
965,468,2022-01-11,370.44,Paypal
966,569,2018-12-30,206.76,Paypal
967,543,2022-05-27,340.46,Debit Card
968,513,2020-11-27,452.84,Credit Card
969,271,2019-10-14,299.46,Apple Pay
970,331,2020-10-29,233.27,Paypal
971,244,2021-04-19,394.63,Debit Card
972,311,2019-11-21,492.83,Paypal
973,102,2021-09-30,401.12,Debit Card
974,492,2022-09-06,533.22,Debit Card
975,356,2019-02-02,472.76,Debit Card
976,541,2020-06-26,345,Cash
977,541,2020-08-22,551.22,Debit Card
978,575,2023-04-15,393.57,Paypal
979,279,2023-09-18,306.65,Cash
980,581,2019-12-14,550.77,Debit Card
981,333,2021-08-09,296.38,Apple Pay
982,369,2020-03-18,391.63,Apple Pay
983,211,2022-01-03,405.83,Debit Card
984,578,2019-03-27,479.31,Apple Pay
985,269,2021-11-16,480.46,Cash
986,162,2018-05-26,470.37,Google Pay
987,105,2020-11-19,452.78,Paypal
988,362,2022-05-08,528.5,Cash
989,226,2022-03-02,200.1,Paypal
990,542,2023-04-13,560.02,Debit Card
991,480,2021-10-05,511.39,Debit Card
992,406,2019-12-31,294.94,Cash
993,456,2019-01-12,471.17,Credit Card
994,235,2022-07-26,540.47,Paypal
995,480,2022-01-13,317.85,Apple Pay
996,512,2022-02-12,374.52,Apple Pay
997,454,2018-01-20,223.11,Google Pay
998,318,2021-04-18,256.78,Credit Card
999,298,2023-03-08,578.58,Credit Card
1000,228,2020-07-06,259.43,Apple Pay
